resistance,metric,max_level,avg_level
0.25,49.5204,1.0,-0.97134856
0.5,49.5204,1.0,-0.97134856
0.75,49.5204,1.0,-0.97134856
1.0,49.5204,1.0,-0.97134856
