resistance,metric,max_level,avg_level
0.25,1000.0,1.61098,0.4301830799999996
0.5,951.64828,3.07374,0.9624684000000026
0.75,654.17612,2.10972,0.5213431999999975
1.0,618.93288,1.0,0.3773833600000013
