resistance,metric,max_level,avg_level
0.25,24.22282,1.0,-0.9873014700000237
0.5,24.22282,1.0,-0.9873014700000237
0.75,24.22282,1.0,-0.9873014700000237
1.0,24.22282,1.0,-0.9873014700000237
