resistance,metric,max_level,avg_level
0.25,157.9865,25.49256,0.10261946000000242
0.5,9.89774,1.78312,-0.9923904720000524
0.75,8.7543,1.047,-0.9934656400000457
1.0,8.65322,0.99784,-0.9934848760000459
