resistance,metric,max_level,avg_level
0.25,1.8778,0.1912,-0.9997800799999379
0.5,1.7574,0.138,-0.9998019999999378
0.75,1.7528,0.1358,-0.9998024399999377
1.0,1.6544,0.1358,-0.9998024399999377
