resistance,metric,max_level,avg_level
0.25,972.40954,37.87404,19.46320413999998
0.5,21.55398,2.10142,-0.8880994799999838
0.75,19.52502,1.04578,-0.9064039999999804
1.0,19.46128,1.0,-0.9065229999999781
