resistance,metric,max_level,avg_level
0.25,4967.9633,73.04878,37.15137932000035
0.5,27.06666,1.94658,-0.9692764040000253
0.75,25.29128,1.02224,-0.9735525760000259
1.0,25.26264,0.99998,-0.9735666240000237
