resistance,metric,max_level,avg_level
0.25,10000.0,25.1454,12.41732048000003
0.5,309.6812,3.2422,-0.7687041599999994
0.75,289.3614,1.068,-0.824762840000001
1.0,289.1072,1.0,-0.8250454000000013
