resistance,metric,max_level,avg_level
0.25,9998.0052,69.009,34.62787317999999
0.5,51.4522,1.8356,-0.967902859999997
0.75,49.4372,1.0228,-0.9714739999999963
1.0,49.405,1.0,-0.971488659999996
