resistance,metric,max_level,avg_level
0.25,1000.0,1.16048,0.2585101200000005
0.5,997.13262,1.69702,0.37755306000000477
0.75,802.48164,1.87628,0.3785669000000046
1.0,745.09788,0.9986,0.25490164000000126
