resistance,metric,max_level,avg_level
0.25,61.22352,13.86026,-0.06036075999999891
0.5,8.65526,1.69156,-0.9698269400000262
0.75,7.645,1.03856,-0.9737762200000362
1.0,7.50434,0.99282,-0.9738600200000355
