resistance,metric,max_level,avg_level
0.25,1.86444,0.18496,-0.997830660000482
0.5,1.75192,0.1378,-0.9980187400004658
0.75,1.74378,0.13366,-0.9980285600004672
1.0,1.64548,0.13362,-0.9980286000004671
