resistance,metric,max_level,avg_level
0.25,116.3394,21.4648,-0.6805816199999972
0.5,9.4956,1.7582,-0.9964520199999927
0.75,8.4168,1.0492,-0.9969329399999951
1.0,8.3062,0.9976,-0.9969432199999945
