resistance,metric,max_level,avg_level
0.25,994.15604,27.17286,13.785175280000004
0.5,32.71686,2.28094,-0.8147529399999992
0.75,29.8618,1.05512,-0.847212800000014
1.0,29.7813,1.0,-0.8474217000000152
