resistance,metric,max_level,avg_level
0.25,1000.0,0.94852,0.152480880000004
0.5,1000.0,1.06574,0.15769336000000486
0.75,927.77438,1.49972,0.2262646000000051
1.0,847.52626,0.9458,0.152473740000004
