resistance,metric,max_level,avg_level
0.25,10000.0,1.1764,0.25721840000000007
0.5,9976.7574,1.7378,0.3846188400000013
0.75,8038.3872,2.2572,0.44404753999999985
1.0,7462.486,1.0,0.25375131999999995
