resistance,metric,max_level,avg_level
0.25,1.86246,0.17944,-0.9995688399999346
0.5,1.7505,0.13498,-0.9996042159999361
0.75,1.74356,0.13144,-0.9996058719999369
1.0,1.64794,0.13142,-0.9996058839999369
