resistance,metric,max_level,avg_level
0.25,51.1461,1.0,-0.9703358019999955
0.5,51.1461,1.0,-0.9703358019999955
0.75,51.1461,1.0,-0.9703358019999955
1.0,51.1461,1.0,-0.9703358019999955
