resistance,metric,max_level,avg_level
0.25,10000.0,6.257,2.625279959999996
0.5,3018.3048,13.892,3.3615200800000027
0.75,2162.6864,1.781,0.04914022000000011
1.0,2143.1588,1.0,0.01689496000000003
