resistance,metric,max_level,avg_level
0.25,999.86928,6.21362,2.6424885000000042
0.5,294.76278,7.7755,1.6548236199999977
0.75,217.73888,1.4393,0.012426360000000039
1.0,215.6336,1.0,-0.003964679999999989
