resistance,metric,max_level,avg_level
0.25,576.75268,49.95728,19.568161639999815
0.5,13.25674,1.92452,-0.9416756600000091
0.75,11.80168,1.04756,-0.9505692600000213
1.0,11.72214,0.99928,-0.9506726600000212
