resistance,metric,max_level,avg_level
0.25,12.03076,4.07842,-0.9896419080000618
0.5,4.89544,1.14802,-0.997749632000075
0.75,4.48006,0.88116,-0.9979327480000736
1.0,4.20954,0.8692,-0.9979369880000742
