resistance,metric,max_level,avg_level
0.25,998.15404,23.07458,11.594113420000081
0.5,41.17178,2.4272,-0.7583648600000034
0.75,37.65502,1.06024,-0.8026403999999966
1.0,37.56402,1.0,-0.8029230999999997
