resistance,metric,max_level,avg_level
0.25,5000.0,0.962,0.1507624799999997
0.5,5000.0,1.0786,0.15545275999999994
0.75,4656.2054,1.6178,0.24327792000000031
1.0,4246.2122,0.957,0.15075755999999976
