resistance,metric,max_level,avg_level
0.25,4950.0209,78.01106,39.85669429600045
0.5,24.569,1.91062,-0.972776896000042
0.75,22.91296,1.02128,-0.9764617840000449
1.0,22.88532,1.0,-0.9764742560000452
