resistance,metric,max_level,avg_level
0.25,5000.0,1.1788,0.25914063999999964
0.5,4986.1276,1.7768,0.41091936000000023
0.75,4017.385,2.176,0.4334968399999996
1.0,3723.6624,1.0,0.2552674399999996
