resistance,metric,max_level,avg_level
0.25,94.47672,18.61038,-0.5473767600000118
0.5,9.22926,1.74456,-0.9932246520000592
0.75,8.15146,1.04324,-0.9941575680000589
1.0,8.03688,0.99646,-0.9941750080000592
