resistance,metric,max_level,avg_level
0.25,10000.0,1.6396,0.42701413999999976
0.5,9548.8888,3.1954,1.0040181599999984
0.75,6556.0468,2.886,0.6410677200000002
1.0,6199.4858,1.0,0.3769524599999996
