resistance,metric,max_level,avg_level
0.25,5000.0,6.228,2.6288519200000073
0.5,1500.4886,11.927,2.8317014000000125
0.75,1081.6016,1.7038,0.041014439999999826
1.0,1070.8544,1.0,0.012335520000000029
