resistance,metric,max_level,avg_level
0.25,11.5061,3.83414,-0.9531269600000524
0.5,4.85428,1.13226,-0.9890191200000762
0.75,4.44084,0.87236,-0.989916620000079
1.0,4.16258,0.86036,-0.9899388600000809
