resistance,metric,max_level,avg_level
0.25,12.3164,4.1392,-0.9946697599999983
0.5,4.9958,1.1822,-0.998843759999997
0.75,4.547,0.8896,-0.9989475599999976
1.0,4.2786,0.8752,-0.9989499799999976
