resistance,metric,max_level,avg_level
0.25,5000.0,25.31458,12.534229264000096
0.5,155.46368,2.83928,-0.7831520919999941
0.75,145.229,1.06396,-0.8283280879999939
1.0,145.05838,1.0,-0.8285936839999937
