resistance,metric,max_level,avg_level
0.25,5000.0,1.6316,0.4317090800000002
0.5,4732.702,3.1782,1.0068602799999993
0.75,3273.7644,2.4818,0.5797395600000004
1.0,3093.875,1.0,0.37764580000000064
