resistance,metric,max_level,avg_level
0.25,4997.40996,49.2277,24.80774589999984
0.5,49.72972,1.97718,-0.9386677799999985
0.75,47.3112,1.02588,-0.9464094960000058
1.0,47.2729,1.0,-0.9464412520000047
