resistance,metric,max_level,avg_level
0.25,10000.0,0.967,0.14836305999999988
0.5,10000.0,1.088,0.15322272000000017
0.75,9318.7954,1.6466,0.24715682000000025
1.0,8516.4368,0.9608,0.14835631999999987
