resistance,metric,max_level,avg_level
0.25,262.248,35.9736,0.3305994600000008
0.5,10.3758,1.7916,-0.9958694599999948
0.75,9.2116,1.0464,-0.9964532599999968
1.0,9.1246,0.999,-0.9964630999999963
