resistance,metric,max_level,avg_level
0.25,54.31312,12.65132,-0.21140879999999704
0.5,8.53508,1.70062,-0.9706154000000345
0.75,7.5115,1.0409,-0.9745675400000362
1.0,7.36732,0.99146,-0.9746604000000405
